animal id,PLYUID,start,stop,duration,mFrequency_Hz,mPeriod_s,mHeight_V,mO2_V,mCO2_V,mTchamber_V,segment,start_time,stop_time,Alias,Cal Seg,MAN_IND_INCLUDE,MAN_IND_CAL,MAN_IND_GAS_CAL,CAL_O2,CAL_CO2,MAN_IND_GAS,MAN_IND_INJECTION
M17860,Ply1189,725.5500000000001,754.6990000000001,29.15,2.713718041,0.3686856734,1.878413465,2.098893406,0.005168074604,0.02815182226,Cal 20 Room Air,0 days 00:12:05.550000,0 days 00:12:34.699000,Cal 20 Room Air,Cal 20 Room Air,0,1,1,21,0,RA,Cal
M17861,Ply1191,1784.25,1824.199,39.95,2.768264404,0.3614256225,1.875707378,2.098663319,0.003280240917,0.02859001921,Cal 20 Room Air,0 days 00:29:44.250000,0 days 00:30:24.199000,Cal 20 Room Air,Cal 20 Room Air,0,1,1,21,0,RA,Cal
M17864,Ply1179,674.25,706.249,32.0,2.709338926,0.3692779413,1.71541061,2.101881933,0.004335849613,0.02923869146,Cal 20 Room Air,0 days 00:11:14.250000,0 days 00:11:46.249000,Cal 20 Room Air,Cal 20 Room Air,0,1,1,21,0,RA,Cal
M17865,Ply1180,1457.65,1489.3990000000001,31.75,2.898613508,0.3452450885,1.70474931,2.100988197,0.007090511798,0.02918419302,Cal 20 Room Air,0 days 00:24:17.650000,0 days 00:24:49.399000,Cal 20 Room Air,Cal 20 Room Air,0,1,1,21,0,RA,Cal
M17866,Ply1170,1711.2,1744.499,33.3,2.814268623,0.3555423057,1.886233021,2.099354242,0.004611148642,0.02876956689,Cal 20 Room Air,0 days 00:28:31.200000,0 days 00:29:04.499000,Cal 20 Room Air,Cal 20 Room Air,0,1,1,21,0,RA,Cal
M17874,Ply1178,326.70000000000005,361.34900000000005,34.65,2.762987383,0.3621163823,1.870029615,2.098628717,0.003994300139,0.02847668683,Cal 20 Room Air,0 days 00:05:26.700000,0 days 00:06:01.349000,Cal 20 Room Air,Cal 20 Room Air,0,1,1,21,0,RA,Cal
M17877,Ply1183,415.65000000000003,446.949,31.3,2.815469224,0.3553934639,1.873272278,2.099047977,0.01053605232,0.02901551544,Cal 20 Room Air,0 days 00:06:55.650000,0 days 00:07:26.949000,Cal 20 Room Air,Cal 20 Room Air,0,1,1,21,0,RA,Cal
M17878,Ply1160,407.20000000000005,438.09900000000005,30.9,2.708574904,0.3694480284,1.868045939,2.100320938,0.005547077272,0.02774753201,Cal 20 Room Air,0 days 00:06:47.200000,0 days 00:07:18.099000,Cal 20 Room Air,Cal 20 Room Air,0,1,1,21,0,RA,Cal
M17884,Ply1172,3896.7000000000003,3928.3990000000003,31.7,2.874124964,0.348308044,1.830729171,2.098908748,0.005686198731,0.02996266735,Cal 20 Room Air,0 days 01:04:56.700000,0 days 01:05:28.399000,Cal 20 Room Air,Cal 20 Room Air,0,1,1,21,0,RA,Cal
M17887,Ply1169,887.75,920.599,32.85,2.848710524,0.3512699966,1.723534946,2.101113025,0.004141628595,0.02967667398,Cal 20 Room Air,0 days 00:14:47.750000,0 days 00:15:20.599000,Cal 20 Room Air,Cal 20 Room Air,0,1,1,21,0,RA,Cal
M17888,Ply1158,743.45,778.749,35.3,2.816596335,0.3553383405,1.879223486,2.098924656,0.008457108691,0.02881480212,Cal 20 Room Air,0 days 00:12:23.450000,0 days 00:12:58.749000,Cal 20 Room Air,Cal 20 Room Air,0,1,1,21,0,RA,Cal
M17895,Ply1155,1048.3,1083.6490000000001,35.35,2.844678199,0.3520326307,1.681206257,2.100663339,0.006006532891,0.029451264,Cal 20 Room Air,0 days 00:17:28.300000,0 days 00:18:03.649000,Cal 20 Room Air,Cal 20 Room Air,0,1,1,21,0,RA,Cal
M17898,Ply1171,240.3,270.54900000000004,30.25,2.86561781,0.349308559,1.849004363,2.099391351,0.003783047512,0.03010432849,Cal 20 Room Air,0 days 00:04:00.300000,0 days 00:04:30.549000,Cal 20 Room Air,Cal 20 Room Air,0,1,1,21,0,RA,Cal
M17899,Ply1168,688.2,721.9490000000001,33.75,2.846132271,0.351654517,1.79985197,2.100429526,0.004976722228,0.02879607449,Cal 20 Room Air,0 days 00:11:28.200000,0 days 00:12:01.949000,Cal 20 Room Air,Cal 20 Room Air,0,1,1,21,0,RA,Cal
M17901,Ply1153,594.1,624.599,30.5,2.890382241,0.3464504662,1.825057464,2.100506208,0.006267008192,0.02963032759,Cal 20 Room Air,0 days 00:09:54.100000,0 days 00:10:24.599000,Cal 20 Room Air,Cal 20 Room Air,0,1,1,21,0,RA,Cal
M17904,Ply1166,1217.3500000000001,1248.949,31.6,2.741987481,0.3648850405,1.722921514,2.101361013,0.006181685137,0.02866142254,Cal 20 Room Air,0 days 00:20:17.350000,0 days 00:20:48.949000,Cal 20 Room Air,Cal 20 Room Air,0,1,1,21,0,RA,Cal
M17860,Ply1189,1758.0500000000002,1797.5990000000002,39.55,2.83502736,0.3533285778,1.864214541,2.098807223,2.495881282,0.02879164866,Cal 20 5% CO2,0 days 00:29:18.050000,0 days 00:29:57.599000,Cal 20 5% CO2,Cal 20 5% CO2,0,1,1,NA,5,CO2,Cal
M17861,Ply1191,8523.300000000001,8554.949,31.65,2.863203963,0.3495406263,1.847118056,2.09737294,2.49560305,0.02882331203,Cal 20 5% CO2,0 days 02:22:03.300000,0 days 02:22:34.949000,Cal 20 5% CO2,Cal 20 5% CO2,0,1,1,NA,5,CO2,Cal
M17864,Ply1179,1593.2,1627.499,34.3,2.852141122,0.3509503686,1.670070877,2.111044429,2.498278232,0.02975214983,Cal 20 5% CO2,0 days 00:26:33.200000,0 days 00:27:07.499000,Cal 20 5% CO2,Cal 20 5% CO2,0,1,1,NA,5,CO2,Cal
M17865,Ply1180,2816.15,2848.599,32.45,2.78449155,0.3593001995,1.7111632,2.104873162,2.496833371,0.02950784842,Cal 20 5% CO2,0 days 00:46:56.150000,0 days 00:47:28.599000,Cal 20 5% CO2,Cal 20 5% CO2,0,1,1,NA,5,CO2,Cal
M17866,Ply1170,3108.3,3142.699,34.4,2.834177703,0.3530155608,1.866514178,2.097138341,2.496774464,0.02892680812,Cal 20 5% CO2,0 days 00:51:48.300000,0 days 00:52:22.699000,Cal 20 5% CO2,Cal 20 5% CO2,0,1,1,NA,5,CO2,Cal
M17874,Ply1178,2012.9,2044.699,31.8,2.82156449,0.3546030829,1.829308285,2.099499631,2.49275285,0.0290027715,Cal 20 5% CO2,0 days 00:33:32.900000,0 days 00:34:04.699000,Cal 20 5% CO2,Cal 20 5% CO2,0,1,1,NA,5,CO2,Cal
M17877,Ply1183,1248.75,1280.549,31.8,2.901247632,0.3448945801,1.866370183,2.095659279,2.503591962,0.0303087759,Cal 20 5% CO2,0 days 00:20:48.750000,0 days 00:21:20.549000,Cal 20 5% CO2,Cal 20 5% CO2,0,1,1,NA,5,CO2,Cal
M17878,Ply1160,1204.8500000000001,1240.499,35.65,2.86615421,0.3490984121,1.840922035,2.098766152,2.502812023,0.02924659893,Cal 20 5% CO2,0 days 00:20:04.850000,0 days 00:20:40.499000,Cal 20 5% CO2,Cal 20 5% CO2,0,1,1,NA,5,CO2,Cal
M17884,Ply1172,5330.5,5364.899,34.4,2.895394145,0.3455343809,1.829119901,2.095245043,2.495606678,0.03013125911,Cal 20 5% CO2,0 days 01:28:50.500000,0 days 01:29:24.899000,Cal 20 5% CO2,Cal 20 5% CO2,0,1,1,NA,5,CO2,Cal
M17887,Ply1169,2196.8,2229.9990000000003,33.2,2.807427557,0.3563854617,1.725832201,2.104829244,2.495048299,0.02989722299,Cal 20 5% CO2,0 days 00:36:36.800000,0 days 00:37:09.999000,Cal 20 5% CO2,Cal 20 5% CO2,0,1,1,NA,5,CO2,Cal
M17888,Ply1158,2074.55,2102.9990000000003,28.45,2.845805779,0.351600055,1.863285153,2.098632152,2.49973672,0.02920849086,Cal 20 5% CO2,0 days 00:34:34.550000,0 days 00:35:02.999000,Cal 20 5% CO2,Cal 20 5% CO2,0,1,1,NA,5,CO2,Cal
M17895,Ply1155,2058.15,2090.949,32.8,2.891126425,0.3461267035,1.671386299,2.105838095,2.497379714,0.02978608962,Cal 20 5% CO2,0 days 00:34:18.150000,0 days 00:34:50.949000,Cal 20 5% CO2,Cal 20 5% CO2,0,1,1,NA,5,CO2,Cal
M17898,Ply1171,1282.45,1314.3990000000001,31.95,2.915847714,0.3432236252,1.835142651,2.101289164,2.508960506,0.030509801,Cal 20 5% CO2,0 days 00:21:22.450000,0 days 00:21:54.399000,Cal 20 5% CO2,Cal 20 5% CO2,0,1,1,NA,5,CO2,Cal
M17899,Ply1168,1872.7500000000002,1904.449,31.7,2.881391395,0.3474102994,1.808871528,2.104522027,2.50020954,0.02930652602,Cal 20 5% CO2,0 days 00:31:12.750000,0 days 00:31:44.449000,Cal 20 5% CO2,Cal 20 5% CO2,0,1,1,NA,5,CO2,Cal
M17901,Ply1153,1634.65,1665.449,30.8,2.841470169,0.3522532031,1.829258734,2.104568176,2.501221978,0.03030982179,Cal 20 5% CO2,0 days 00:27:14.650000,0 days 00:27:45.449000,Cal 20 5% CO2,Cal 20 5% CO2,0,1,1,NA,5,CO2,Cal
M17904,Ply1166,2955.75,2990.799,35.05,2.745062647,0.3644525291,1.745130202,2.104274126,2.50065771,0.02973738377,Cal 20 5% CO2,0 days 00:49:15.750000,0 days 00:49:50.799000,Cal 20 5% CO2,Cal 20 5% CO2,0,1,1,NA,5,CO2,Cal
M17860,Ply1189,3799.1000000000004,3815.949,16.85,3.493254469,0.289877462,1.065657903,1.978677299,0.4945882791,0.02887900632,Room Air,0 days 01:03:19.100000,0 days 01:03:35.949000,Room Air,Cal 20 Room Air,1,0,0,NA,NA,RA,NA
M17860,Ply1189,3829.7000000000003,3834.849,5.15,3.570080028,0.2843208953,1.185330875,1.984227553,0.4609689324,0.02888932075,Room Air,0 days 01:03:49.700000,0 days 01:03:54.849000,Room Air,Cal 20 Room Air,1,0,0,NA,NA,RA,NA
M17860,Ply1189,3882.3,3904.6490000000003,22.35,4.271062971,0.2420472282,1.191177878,1.910247358,0.7660983082,0.02889168102,Room Air,0 days 01:04:42.300000,0 days 01:05:04.649000,Room Air,Cal 20 Room Air,1,0,0,NA,NA,RA,NA
M17860,Ply1189,3934.8,3961.099,26.3,3.614423993,0.2780679113,1.209999998,1.978450618,0.4810164569,0.02887267149,Room Air,0 days 01:05:34.800000,0 days 01:06:01.099000,Room Air,Cal 20 Room Air,1,0,0,NA,NA,RA,NA
M17861,Ply1191,10638.5,10644.949,6.45,3.815967788,0.266923504,1.369918471,1.972605861,0.4953499031,0.02902470956,Room Air,0 days 02:57:18.500000,0 days 02:57:24.949000,Room Air,Cal 20 Room Air,1,0,0,NA,NA,RA,NA
M17861,Ply1191,10652.75,10658.949,6.2,3.941985672,0.2620652894,1.350980108,1.954172079,0.5716101818,0.02901839744,Room Air,0 days 02:57:32.750000,0 days 02:57:38.949000,Room Air,Cal 20 Room Air,1,0,0,NA,NA,RA,NA
M17861,Ply1191,10660.550000000001,10665.349,4.8,3.853198921,0.263678577,1.230827219,1.954344533,0.5714135424,0.02901966172,Room Air,0 days 02:57:40.550000,0 days 02:57:45.349000,Room Air,Cal 20 Room Air,1,0,0,NA,NA,RA,NA
M17861,Ply1191,10670.35,10674.199,3.85,4.073815071,0.2589843961,1.269399047,1.960493343,0.5455987827,0.0290124191,Room Air,0 days 02:57:50.350000,0 days 02:57:54.199000,Room Air,Cal 20 Room Air,1,0,0,NA,NA,RA,NA
M17861,Ply1191,10682.2,10685.949,3.75,3.953687851,0.265376867,1.35504807,1.966722666,0.5165308321,0.0290150836,Room Air,0 days 02:58:02.200000,0 days 02:58:05.949000,Room Air,Cal 20 Room Air,1,0,0,NA,NA,RA,NA
M17861,Ply1191,10694.7,10697.999,3.3,4.514911022,0.2268731339,1.09705357,1.975081435,0.4821441289,0.02902604192,Room Air,0 days 02:58:14.700000,0 days 02:58:17.999000,Room Air,Cal 20 Room Air,1,0,0,NA,NA,RA,NA
M17861,Ply1191,10705.300000000001,10708.049,2.75,3.51356411,0.2896302249,1.237656251,1.976299091,0.4663286368,0.02901397754,Room Air,0 days 02:58:25.300000,0 days 02:58:28.049000,Room Air,Cal 20 Room Air,1,0,0,NA,NA,RA,NA
M17861,Ply1191,10711.5,10715.349,3.85,3.753747206,0.27167196,1.369375,1.971883765,0.498829384,0.02902061714,Room Air,0 days 02:58:31.500000,0 days 02:58:35.349000,Room Air,Cal 20 Room Air,1,0,0,NA,NA,RA,NA
M17861,Ply1191,10724.45,10743.649000000001,19.2,4.029563208,0.2573835703,1.333103886,1.973407421,0.4901385577,0.02900859402,Room Air,0 days 02:58:44.450000,0 days 02:59:03.649000,Room Air,Cal 20 Room Air,1,0,0,NA,NA,RA,NA
M17861,Ply1191,10744.95,10750.799,5.85,4.092362577,0.2530700456,1.257485812,1.973056836,0.4901914528,0.02901041693,Room Air,0 days 02:59:04.950000,0 days 02:59:10.799000,Room Air,Cal 20 Room Air,1,0,0,NA,NA,RA,NA
M17861,Ply1191,10757.150000000001,10760.749,3.6,3.917447549,0.2588248505,1.272500011,1.970481597,0.4962474834,0.02901571207,Room Air,0 days 02:59:17.150000,0 days 02:59:20.749000,Room Air,Cal 20 Room Air,1,0,0,NA,NA,RA,NA
M17864,Ply1179,3728.3500000000004,3765.4990000000003,37.15,3.665860231,0.2753746099,0.8276212669,2.002268285,0.4206122228,0.02954403578,Room Air,0 days 01:02:08.350000,0 days 01:02:45.499000,Room Air,Cal 20 Room Air,1,0,0,NA,NA,RA,NA
M17864,Ply1179,3786.6000000000004,3799.5490000000004,12.95,3.518737484,0.2862804959,0.9054545503,2.005680549,0.4159188228,0.02954346021,Room Air,0 days 01:03:06.600000,0 days 01:03:19.549000,Room Air,Cal 20 Room Air,1,0,0,NA,NA,RA,NA
M17864,Ply1179,3826.9500000000003,3834.4990000000003,7.55,4.179084355,0.2407174341,0.8886189518,2.015855083,0.3625915988,0.0295329882,Room Air,0 days 01:03:46.950000,0 days 01:03:54.499000,Room Air,Cal 20 Room Air,1,0,0,NA,NA,RA,NA
M17864,Ply1179,3969.1000000000004,3974.8990000000003,5.8,3.981354063,0.2527284683,1.049602276,1.986898767,0.482731735,0.02956411614,Room Air,0 days 01:06:09.100000,0 days 01:06:14.899000,Room Air,Cal 20 Room Air,1,0,0,NA,NA,RA,NA
M17864,Ply1179,4019.1000000000004,4025.2490000000003,6.15,4.369796486,0.2304416138,1.034975002,1.986508382,0.4819331789,0.02955457295,Room Air,0 days 01:06:59.100000,0 days 01:07:05.249000,Room Air,Cal 20 Room Air,1,0,0,NA,NA,RA,NA
M17864,Ply1179,4088.65,4097.6990000000005,9.05,3.997035558,0.2514608702,0.986205365,1.993232698,0.4687287647,0.02957928152,Room Air,0 days 01:08:08.650000,0 days 01:08:17.699000,Room Air,Cal 20 Room Air,1,0,0,NA,NA,RA,NA
M17865,Ply1180,4890.150000000001,4898.4490000000005,8.3,4.21656089,0.238779228,1.02967831,1.981227744,0.5620313989,0.03000978899,Room Air,0 days 01:21:30.150000,0 days 01:21:38.449000,Room Air,Cal 20 Room Air,1,0,0,NA,NA,RA,NA
M17865,Ply1180,4929.400000000001,4935.9490000000005,6.55,4.465187797,0.2265325417,1.048325896,1.979514886,0.5253846375,0.02999742349,Room Air,0 days 01:22:09.400000,0 days 01:22:15.949000,Room Air,Cal 20 Room Air,1,0,0,NA,NA,RA,NA
M17865,Ply1180,4943.0,4947.599,4.6,4.351530389,0.2329824904,1.097253285,1.978380911,0.5255417858,0.02997832861,Room Air,0 days 01:22:23,0 days 01:22:27.599000,Room Air,Cal 20 Room Air,1,0,0,NA,NA,RA,NA
M17865,Ply1180,4949.400000000001,4958.649,9.25,4.554757088,0.2209806371,1.067882811,1.974528954,0.5481898961,0.02996327682,Room Air,0 days 01:22:29.400000,0 days 01:22:38.649000,Room Air,Cal 20 Room Air,1,0,0,NA,NA,RA,NA
M17865,Ply1180,4960.700000000001,4969.649,8.95,4.499275794,0.2263343128,1.100328522,1.969356564,0.5634257032,0.02996326794,Room Air,0 days 01:22:40.700000,0 days 01:22:49.649000,Room Air,Cal 20 Room Air,1,0,0,NA,NA,RA,NA
M17865,Ply1180,5007.700000000001,5028.599,20.9,4.520696341,0.2269245114,1.115899719,1.961100148,0.5877312232,0.02998539156,Room Air,0 days 01:23:27.700000,0 days 01:23:48.599000,Room Air,Cal 20 Room Air,1,0,0,NA,NA,RA,NA
M17865,Ply1180,5034.55,5041.149,6.6,4.452844381,0.2264996932,1.029453122,1.964174721,0.5744027915,0.02996685584,Room Air,0 days 01:23:54.550000,0 days 01:24:01.149000,Room Air,Cal 20 Room Air,1,0,0,NA,NA,RA,NA
M17865,Ply1180,5044.6,5049.849,5.25,4.49626048,0.223393888,0.9712216041,1.963831375,0.5811380325,0.02995178549,Room Air,0 days 01:24:04.600000,0 days 01:24:09.849000,Room Air,Cal 20 Room Air,1,0,0,NA,NA,RA,NA
M17865,Ply1180,5052.950000000001,5059.399,6.45,4.405118925,0.2280576384,1.11607639,1.959183721,0.6064094919,0.02996303273,Room Air,0 days 01:24:12.950000,0 days 01:24:19.399000,Room Air,Cal 20 Room Air,1,0,0,NA,NA,RA,NA
M17865,Ply1180,5129.700000000001,5144.249000000001,14.55,4.327225185,0.2325306921,1.107950817,1.964838619,0.5745198011,0.02997562265,Room Air,0 days 01:25:29.700000,0 days 01:25:44.249000,Room Air,Cal 20 Room Air,1,0,0,NA,NA,RA,NA
M17865,Ply1180,5190.5,5196.1990000000005,5.7,4.937448193,0.2185057347,1.024758548,1.96584841,0.5640041118,0.0300368968,Room Air,0 days 01:26:30.500000,0 days 01:26:36.199000,Room Air,Cal 20 Room Air,1,0,0,NA,NA,RA,NA
M17866,Ply1170,5553.200000000001,5564.549,11.35,3.548059752,0.2850300674,1.156363637,1.962381359,0.5354694109,0.02910283609,Room Air,0 days 01:32:33.200000,0 days 01:32:44.549000,Room Air,Cal 20 Room Air,1,0,0,NA,NA,RA,NA
M17866,Ply1170,5595.85,5604.899,9.05,3.440959317,0.2918433994,1.184665186,1.985805906,0.4175562498,0.0293594958,Room Air,0 days 01:33:15.850000,0 days 01:33:24.899000,Room Air,Cal 20 Room Air,1,0,0,NA,NA,RA,NA
M17866,Ply1170,5612.25,5679.6990000000005,67.45,3.472563535,0.289114195,1.075052307,1.970496805,0.4894365317,0.02940168634,Room Air,0 days 01:33:32.250000,0 days 01:34:39.699000,Room Air,Cal 20 Room Air,1,0,0,NA,NA,RA,NA
M17874,Ply1178,4560.950000000001,4585.4490000000005,24.5,2.732181113,0.3761958957,0.9846777301,2.012516166,0.3388837628,0.02894214319,Room Air,0 days 01:16:00.950000,0 days 01:16:25.449000,Room Air,Cal 20 Room Air,1,0,0,NA,NA,RA,NA
M17874,Ply1178,4633.5,4649.249000000001,15.75,2.597916948,0.3972726598,0.8756414542,2.011091107,0.3406245438,0.0289176194,Room Air,0 days 01:17:13.500000,0 days 01:17:29.249000,Room Air,Cal 20 Room Air,1,0,0,NA,NA,RA,NA
M17874,Ply1178,4657.75,4668.549,10.8,2.416325731,0.418739289,0.844000001,2.021338076,0.3016765339,0.02891189271,Room Air,0 days 01:17:37.750000,0 days 01:17:48.549000,Room Air,Cal 20 Room Air,1,0,0,NA,NA,RA,NA
M17874,Ply1178,5028.05,5050.149,22.1,2.990922088,0.3476440407,0.9498065445,2.014090511,0.3188376556,0.02891124187,Room Air,0 days 01:23:48.050000,0 days 01:24:10.149000,Room Air,Cal 20 Room Air,1,0,0,NA,NA,RA,NA
M17877,Ply1183,3536.7000000000003,3541.2990000000004,4.6,4.795870963,0.2087271554,1.176741072,1.986973368,0.486291304,0.03115523107,Room Air,0 days 00:58:56.700000,0 days 00:59:01.299000,Room Air,Cal 20 Room Air,1,0,0,NA,NA,RA,NA
M17877,Ply1183,3543.15,3547.7990000000004,4.65,4.70752464,0.2134036585,1.149151796,1.992496907,0.4527650539,0.03111243293,Room Air,0 days 00:59:03.150000,0 days 00:59:07.799000,Room Air,Cal 20 Room Air,1,0,0,NA,NA,RA,NA
M17877,Ply1183,3562.0,3571.7990000000004,9.8,4.47167503,0.2285339251,1.207393296,1.967639894,0.5753732785,0.03103954102,Room Air,0 days 00:59:22,0 days 00:59:31.799000,Room Air,Cal 20 Room Air,1,0,0,NA,NA,RA,NA
M17877,Ply1183,3575.05,3580.099,5.05,3.898128748,0.2584743288,1.23983552,1.980618935,0.517178528,0.03116404711,Room Air,0 days 00:59:35.050000,0 days 00:59:40.099000,Room Air,Cal 20 Room Air,1,0,0,NA,NA,RA,NA
M17877,Ply1183,3583.65,3593.949,10.3,4.526118591,0.2228062593,1.066576391,1.977634917,0.5392148059,0.0310619844,Room Air,0 days 00:59:43.650000,0 days 00:59:53.949000,Room Air,Cal 20 Room Air,1,0,0,NA,NA,RA,NA
M17877,Ply1183,3596.4,3605.7990000000004,9.4,4.371897674,0.2306590926,1.155742192,1.981039095,0.514315526,0.03097406941,Room Air,0 days 00:59:56.400000,0 days 01:00:05.799000,Room Air,Cal 20 Room Air,1,0,0,NA,NA,RA,NA
M17877,Ply1183,3623.75,3630.949,7.2,4.473559552,0.2285178129,1.151713347,1.970465755,0.5656954865,0.03090295171,Room Air,0 days 01:00:23.750000,0 days 01:00:30.949000,Room Air,Cal 20 Room Air,1,0,0,NA,NA,RA,NA
M17877,Ply1183,3661.7000000000003,3666.0490000000004,4.35,4.281712453,0.2352579248,1.16263021,1.967423709,0.5682474857,0.03112449725,Room Air,0 days 01:01:01.700000,0 days 01:01:06.049000,Room Air,Cal 20 Room Air,1,0,0,NA,NA,RA,NA
M17877,Ply1183,3804.3500000000004,3812.699,8.35,5.129931104,0.1972587286,1.152306554,1.976844536,0.5355913543,0.03115370518,Room Air,0 days 01:03:24.350000,0 days 01:03:32.699000,Room Air,Cal 20 Room Air,1,0,0,NA,NA,RA,NA
M17877,Ply1183,3829.2500000000005,3839.8990000000003,10.65,4.214841792,0.2385071669,1.0840625,1.975579075,0.5627177527,0.03106769383,Room Air,0 days 01:03:49.250000,0 days 01:03:59.899000,Room Air,Cal 20 Room Air,1,0,0,NA,NA,RA,NA
M17877,Ply1183,3853.8,3859.849,6.05,4.100246948,0.2477686742,1.083016295,1.981138323,0.5493904958,0.031434349,Room Air,0 days 01:04:13.800000,0 days 01:04:19.849000,Room Air,Cal 20 Room Air,1,0,0,NA,NA,RA,NA
M17877,Ply1183,3861.2500000000005,3866.349,5.1,4.124445534,0.2448335007,1.053703111,1.989030387,0.5171887875,0.03121433827,Room Air,0 days 01:04:21.250000,0 days 01:04:26.349000,Room Air,Cal 20 Room Air,1,0,0,NA,NA,RA,NA
M17877,Ply1183,3868.9,3878.1490000000003,9.25,4.002503183,0.2525884931,1.081987845,1.994430136,0.4832472302,0.03111820958,Room Air,0 days 01:04:28.900000,0 days 01:04:38.149000,Room Air,Cal 20 Room Air,1,0,0,NA,NA,RA,NA
M17877,Ply1183,3882.3500000000004,3892.199,9.85,4.158827934,0.2409536391,1.117526051,1.98809321,0.5075039342,0.03112515875,Room Air,0 days 01:04:42.350000,0 days 01:04:52.199000,Room Air,Cal 20 Room Air,1,0,0,NA,NA,RA,NA
M17877,Ply1183,3900.55,3912.599,12.05,4.139833913,0.2447182889,1.017684946,1.991632675,0.4823566911,0.03103607385,Room Air,0 days 01:05:00.550000,0 days 01:05:12.599000,Room Air,Cal 20 Room Air,1,0,0,NA,NA,RA,NA
M17878,Ply1160,3610.25,3619.3990000000003,9.15,4.928082984,0.2128731016,1.600739342,1.916407856,0.8020164204,0.02990505435,Room Air,0 days 01:00:10.250000,0 days 01:00:19.399000,Room Air,Cal 20 Room Air,1,0,0,NA,NA,RA,NA
M17878,Ply1160,3623.25,3630.349,7.1,5.015662491,0.2101320541,1.856298834,1.919939835,0.7936423886,0.02990250852,Room Air,0 days 01:00:23.250000,0 days 01:00:30.349000,Room Air,Cal 20 Room Air,1,0,0,NA,NA,RA,NA
M17878,Ply1160,3739.8500000000004,3756.3990000000003,16.55,4.805373533,0.2230932598,1.404092459,1.956568238,0.6096473551,0.02983727309,Room Air,0 days 01:02:19.850000,0 days 01:02:36.399000,Room Air,Cal 20 Room Air,1,0,0,NA,NA,RA,NA
M17878,Ply1160,3796.15,3802.2990000000004,6.15,5.012100474,0.1998886247,1.176937497,1.953728251,0.5898504566,0.02984085332,Room Air,0 days 01:03:16.150000,0 days 01:03:22.299000,Room Air,Cal 20 Room Air,1,0,0,NA,NA,RA,NA
M17878,Ply1160,3840.9500000000003,3848.5490000000004,7.6,4.889185561,0.2050278307,0.8157725715,1.980264636,0.5042648459,0.02983293553,Room Air,0 days 01:04:00.950000,0 days 01:04:08.549000,Room Air,Cal 20 Room Air,1,0,0,NA,NA,RA,NA
M17878,Ply1160,3915.3,3924.7490000000003,9.45,4.620278251,0.2184722714,1.162544654,1.969949501,0.5349841267,0.02980026422,Room Air,0 days 01:05:15.300000,0 days 01:05:24.749000,Room Air,Cal 20 Room Air,1,0,0,NA,NA,RA,NA
M17878,Ply1160,3937.1000000000004,3956.699,19.6,4.634057326,0.2164896034,1.06065889,1.975594562,0.5165347252,0.02979889955,Room Air,0 days 01:05:37.100000,0 days 01:05:56.699000,Room Air,Cal 20 Room Air,1,0,0,NA,NA,RA,NA
M17878,Ply1160,4071.0000000000005,4077.449,6.45,4.687424676,0.2152981532,1.227844826,1.97183687,0.5063550887,0.0297777613,Room Air,0 days 01:07:51,0 days 01:07:57.449000,Room Air,Cal 20 Room Air,1,0,0,NA,NA,RA,NA
M17878,Ply1160,4091.7500000000005,4098.849,7.1,4.600279016,0.22092837,1.346169364,1.973178876,0.4889535628,0.02982530777,Room Air,0 days 01:08:11.750000,0 days 01:08:18.849000,Room Air,Cal 20 Room Air,1,0,0,NA,NA,RA,NA
M17878,Ply1160,4157.400000000001,4163.549,6.15,4.687035825,0.2150369409,1.409040187,1.947914334,0.5278979151,0.02992311965,Room Air,0 days 01:09:17.400000,0 days 01:09:23.549000,Room Air,Cal 20 Room Air,1,0,0,NA,NA,RA,NA
M17884,Ply1172,7557.150000000001,7561.149,4.0,4.150097084,0.2420396129,0.9963958422,2.005089229,0.402860234,0.03055960991,Room Air,0 days 02:05:57.150000,0 days 02:06:01.149000,Room Air,Cal 20 Room Air,1,0,0,NA,NA,RA,NA
M17884,Ply1172,7563.05,7570.849,7.8,4.261057332,0.2562904933,1.0618319,2.007744809,0.3849156248,0.03053076976,Room Air,0 days 02:06:03.050000,0 days 02:06:10.849000,Room Air,Cal 20 Room Air,1,0,0,NA,NA,RA,NA
M17884,Ply1172,7575.150000000001,7579.099,3.95,4.079737218,0.245498534,1.087916676,2.004196436,0.3946608386,0.03056503217,Room Air,0 days 02:06:15.150000,0 days 02:06:19.099000,Room Air,Cal 20 Room Air,1,0,0,NA,NA,RA,NA
M17884,Ply1172,7581.000000000001,7584.4490000000005,3.45,3.771633911,0.2660977632,0.7932500005,1.996705886,0.4392839673,0.03054338822,Room Air,0 days 02:06:21,0 days 02:06:24.449000,Room Air,Cal 20 Room Air,1,0,0,NA,NA,RA,NA
M17884,Ply1172,7596.750000000001,7602.4490000000005,5.7,4.066476141,0.2463491644,1.188526801,2.000425765,0.4189983004,0.03056727026,Room Air,0 days 02:06:36.750000,0 days 02:06:42.449000,Room Air,Cal 20 Room Air,1,0,0,NA,NA,RA,NA
M17884,Ply1172,7604.650000000001,7608.6990000000005,4.05,4.463712772,0.2252358633,0.9740625024,1.997953781,0.4233438277,0.03058294806,Room Air,0 days 02:06:44.650000,0 days 02:06:48.699000,Room Air,Cal 20 Room Air,1,0,0,NA,NA,RA,NA
M17884,Ply1172,7610.85,7616.9490000000005,6.1,4.199384848,0.2387785669,0.9370963474,1.998786267,0.4236682894,0.03055235709,Room Air,0 days 02:06:50.850000,0 days 02:06:56.949000,Room Air,Cal 20 Room Air,1,0,0,NA,NA,RA,NA
M17884,Ply1172,7618.450000000001,7625.649,7.2,4.111197748,0.2439478236,1.041300004,2.001474522,0.4049702256,0.03052617241,Room Air,0 days 02:06:58.450000,0 days 02:07:05.649000,Room Air,Cal 20 Room Air,1,0,0,NA,NA,RA,NA
M17884,Ply1172,7634.650000000001,7637.799000000001,3.15,4.376781166,0.2296261775,1.068619778,1.991052873,0.4402406746,0.0305524807,Room Air,0 days 02:07:14.650000,0 days 02:07:17.799000,Room Air,Cal 20 Room Air,1,0,0,NA,NA,RA,NA
M17884,Ply1172,7662.05,7665.499000000001,3.45,4.480193395,0.2260584682,1.133341349,1.992095559,0.4437664856,0.03059655852,Room Air,0 days 02:07:42.050000,0 days 02:07:45.499000,Room Air,Cal 20 Room Air,1,0,0,NA,NA,RA,NA
M17884,Ply1172,7715.650000000001,7718.399,2.75,4.796914717,0.2128246054,1.002630204,1.952753747,0.5626734097,0.03022556839,Room Air,0 days 02:08:35.650000,0 days 02:08:38.399000,Room Air,Cal 20 Room Air,1,0,0,NA,NA,RA,NA
M17884,Ply1172,7905.85,7920.599,14.75,4.521887985,0.252477601,1.252780173,1.932003562,0.6230874161,0.03028167404,Room Air,0 days 02:11:45.850000,0 days 02:12:00.599000,Room Air,Cal 20 Room Air,1,0,0,NA,NA,RA,NA
M17884,Ply1172,8005.35,8013.249000000001,7.9,4.379944455,0.24205787,1.270614918,2.001830108,0.4008164956,0.03053113186,Room Air,0 days 02:13:25.350000,0 days 02:13:33.249000,Room Air,Cal 20 Room Air,1,0,0,NA,NA,RA,NA
M17887,Ply1169,4316.150000000001,4339.1990000000005,23.05,3.056233734,0.3554228623,0.871357427,2.034386086,0.3247488062,0.02995993741,Room Air,0 days 01:11:56.150000,0 days 01:12:19.199000,Room Air,Cal 20 Room Air,1,0,0,NA,NA,RA,NA
M17887,Ply1169,4348.900000000001,4353.149,4.25,2.609378409,0.3870841324,0.859156251,2.026714699,0.3597592649,0.02996772038,Room Air,0 days 01:12:28.900000,0 days 01:12:33.149000,Room Air,Cal 20 Room Air,1,0,0,NA,NA,RA,NA
M17887,Ply1169,4367.0,4369.749000000001,2.75,2.810576797,0.3557989299,0.8737500012,2.02315806,0.3791155711,0.02995022703,Room Air,0 days 01:12:47,0 days 01:12:49.749000,Room Air,Cal 20 Room Air,1,0,0,NA,NA,RA,NA
M17887,Ply1169,4375.85,4380.399,4.55,3.281761318,0.4066571996,0.9764999986,2.022393469,0.3797094099,0.02995302174,Room Air,0 days 01:12:55.850000,0 days 01:13:00.399000,Room Air,Cal 20 Room Air,1,0,0,NA,NA,RA,NA
M17887,Ply1169,4394.35,4403.1990000000005,8.85,3.712532571,0.294835179,1.03209821,2.013901912,0.4122485182,0.0299700916,Room Air,0 days 01:13:14.350000,0 days 01:13:23.199000,Room Air,Cal 20 Room Air,1,0,0,NA,NA,RA,NA
M17887,Ply1169,4439.6,4444.049,4.45,3.101820267,0.3309478427,0.9753125035,2.044018673,0.2764707148,0.02993644639,Room Air,0 days 01:13:59.600000,0 days 01:14:04.049000,Room Air,Cal 20 Room Air,1,0,0,NA,NA,RA,NA
M17887,Ply1169,4447.200000000001,4464.249000000001,17.05,3.230665111,0.3222384456,0.8985096182,2.038939715,0.2876889654,0.02992958185,Room Air,0 days 01:14:07.200000,0 days 01:14:24.249000,Room Air,Cal 20 Room Air,1,0,0,NA,NA,RA,NA
M17887,Ply1169,4466.400000000001,4475.649,9.25,3.0448725,0.3404629756,0.8802380931,2.034366638,0.3015290888,0.02995152004,Room Air,0 days 01:14:26.400000,0 days 01:14:35.649000,Room Air,Cal 20 Room Air,1,0,0,NA,NA,RA,NA
M17887,Ply1169,4512.25,4524.6990000000005,12.45,4.67763304,0.2487658804,1.137181124,2.012234459,0.4119887036,0.02997633013,Room Air,0 days 01:15:12.250000,0 days 01:15:24.699000,Room Air,Cal 20 Room Air,1,0,0,NA,NA,RA,NA
M17888,Ply1158,4203.25,4221.899,18.65,2.248225476,0.4625436333,0.8518074348,2.034317728,0.2619365952,0.02931015414,Room Air,0 days 01:10:03.250000,0 days 01:10:21.899000,Room Air,Cal 20 Room Air,1,0,0,NA,NA,RA,NA
M17888,Ply1158,4311.1,4321.499000000001,10.4,3.74002701,0.3079015005,1.186152335,2.04233636,0.2365136719,0.02935297471,Room Air,0 days 01:11:51.100000,0 days 01:12:01.499000,Room Air,Cal 20 Room Air,1,0,0,NA,NA,RA,NA
M17888,Ply1158,4175.05,4183.9490000000005,8.9,2.390108629,0.4390821975,0.9221874977,2.019810049,0.3265319172,0.02935150978,Room Air,0 days 01:09:35.050000,0 days 01:09:43.949000,Room Air,Cal 20 Room Air,1,0,0,NA,NA,RA,NA
M17888,Ply1158,4185.95,4222.1990000000005,36.25,2.328028955,0.4582829781,0.8988125014,2.032614567,0.2695234052,0.02931553447,Room Air,0 days 01:09:45.950000,0 days 01:10:22.199000,Room Air,Cal 20 Room Air,1,0,0,NA,NA,RA,NA
M17895,Ply1155,4242.1,4246.049,3.95,3.259079019,0.3108439123,0.7530468802,2.031703638,0.323155617,0.02976352817,Room Air,0 days 01:10:42.100000,0 days 01:10:46.049000,Room Air,Cal 20 Room Air,1,0,0,NA,NA,RA,NA
M17895,Ply1155,4260.35,4266.899,6.55,2.947206161,0.3655577144,0.7913419149,2.037493368,0.3201358804,0.02978492335,Room Air,0 days 01:11:00.350000,0 days 01:11:06.899000,Room Air,Cal 20 Room Air,1,0,0,NA,NA,RA,NA
M17895,Ply1155,4310.8,4316.4490000000005,5.65,3.388809098,0.2971728676,0.7667013937,2.041539094,0.2748199666,0.02979767667,Room Air,0 days 01:11:50.800000,0 days 01:11:56.449000,Room Air,Cal 20 Room Air,1,0,0,NA,NA,RA,NA
M17895,Ply1155,4319.95,4326.6990000000005,6.75,3.646276629,0.2812203804,0.7657880498,2.039153812,0.2807799534,0.02981013857,Room Air,0 days 01:11:59.950000,0 days 01:12:06.699000,Room Air,Cal 20 Room Air,1,0,0,NA,NA,RA,NA
M17895,Ply1155,4328.400000000001,4348.1990000000005,19.8,3.707236412,0.2713774515,0.7294314264,2.036126061,0.2963048454,0.02980771749,Room Air,0 days 01:12:08.400000,0 days 01:12:28.199000,Room Air,Cal 20 Room Air,1,0,0,NA,NA,RA,NA
M17895,Ply1155,4350.5,4361.4490000000005,10.95,3.460149431,0.2896870979,0.7657589248,2.033054555,0.3121984025,0.02981509672,Room Air,0 days 01:12:30.500000,0 days 01:12:41.449000,Room Air,Cal 20 Room Air,1,0,0,NA,NA,RA,NA
M17895,Ply1155,4365.900000000001,4384.499000000001,18.6,3.550594238,0.2843321832,0.7013749966,2.031209745,0.3308232698,0.02980324229,Room Air,0 days 01:12:45.900000,0 days 01:13:04.499000,Room Air,Cal 20 Room Air,1,0,0,NA,NA,RA,NA
M17895,Ply1155,4387.450000000001,4400.9490000000005,13.5,3.65315938,0.2747268461,0.6911925978,2.033850867,0.3183480097,0.02982458302,Room Air,0 days 01:13:07.450000,0 days 01:13:20.949000,Room Air,Cal 20 Room Air,1,0,0,NA,NA,RA,NA
M17898,Ply1171,3214.7000000000003,3220.049,5.35,3.32140471,0.315770451,0.8825781196,2.005509693,0.380749124,0.0311128506,Room Air,0 days 00:53:34.700000,0 days 00:53:40.049000,Room Air,Cal 20 Room Air,1,0,0,NA,NA,RA,NA
M17898,Ply1171,3246.0,3250.949,4.95,3.973895192,0.2640047836,0.8543014667,1.983140213,0.473687058,0.03075751307,Room Air,0 days 00:54:06,0 days 00:54:10.949000,Room Air,Cal 20 Room Air,1,0,0,NA,NA,RA,NA
M17898,Ply1171,3254.3500000000004,3257.799,3.45,3.030218947,0.4505274624,0.8919374943,1.980381069,0.4900762677,0.03074574321,Room Air,0 days 00:54:14.350000,0 days 00:54:17.799000,Room Air,Cal 20 Room Air,1,0,0,NA,NA,RA,NA
M17898,Ply1171,3417.5,3424.8990000000003,7.4,3.936256548,0.2834073734,0.9315234274,1.983912201,0.4440543497,0.03051389411,Room Air,0 days 00:56:57.500000,0 days 00:57:04.899000,Room Air,Cal 20 Room Air,1,0,0,NA,NA,RA,NA
M17898,Ply1171,3430.15,3440.7490000000003,10.6,4.640070054,0.2315295352,0.9599218761,1.971427269,0.5076621759,0.03041412193,Room Air,0 days 00:57:10.150000,0 days 00:57:20.749000,Room Air,Cal 20 Room Air,1,0,0,NA,NA,RA,NA
M17898,Ply1171,3473.3500000000004,3475.7490000000003,2.4,2.589803974,0.623758768,0.8584374785,1.973599871,0.4897212232,0.0302141929,Room Air,0 days 00:57:53.350000,0 days 00:57:55.749000,Room Air,Cal 20 Room Air,1,0,0,NA,NA,RA,NA
M17899,Ply1168,4006.8,4022.949,16.15,3.606293436,0.2816091802,0.889769735,2.017161989,0.3376770124,0.02941718255,Room Air,0 days 01:06:46.800000,0 days 01:07:02.949000,Room Air,Cal 20 Room Air,1,0,0,NA,NA,RA,NA
M17899,Ply1168,4038.2000000000003,4044.9990000000003,6.8,5.966302658,0.1714208054,1.152269741,2.008200875,0.3848325838,0.02942210466,Room Air,0 days 01:07:18.200000,0 days 01:07:24.999000,Room Air,Cal 20 Room Air,1,0,0,NA,NA,RA,NA
M17899,Ply1168,4062.65,4068.7990000000004,6.15,5.648782842,0.1826265221,1.263398428,1.970971701,0.526814327,0.02943755069,Room Air,0 days 01:07:42.650000,0 days 01:07:48.799000,Room Air,Cal 20 Room Air,1,0,0,NA,NA,RA,NA
M17899,Ply1168,4087.2500000000005,4107.6990000000005,20.45,4.986276053,0.2165086303,1.1953125,1.992749908,0.4505137832,0.02944535439,Room Air,0 days 01:08:07.250000,0 days 01:08:27.699000,Room Air,Cal 20 Room Air,1,0,0,NA,NA,RA,NA
M17899,Ply1168,4127.5,4130.299,2.8,6.090550691,0.1651602937,1.242617182,1.951700113,0.6374894027,0.02947968734,Room Air,0 days 01:08:47.500000,0 days 01:08:50.299000,Room Air,Cal 20 Room Air,1,0,0,NA,NA,RA,NA
M17899,Ply1168,4151.0,4158.149,7.15,5.797011608,0.1845048239,1.111044412,1.926995761,0.7045770178,0.02948317291,Room Air,0 days 01:09:11,0 days 01:09:18.149000,Room Air,Cal 20 Room Air,1,0,0,NA,NA,RA,NA
M17899,Ply1168,4171.6,4174.6990000000005,3.1,4.436287324,0.2291606255,1.108906239,1.948519655,0.6593234816,0.02945766115,Room Air,0 days 01:09:31.600000,0 days 01:09:34.699000,Room Air,Cal 20 Room Air,1,0,0,NA,NA,RA,NA
M17899,Ply1168,4328.6,4330.899,2.3,4.858522606,0.2077018112,1.077375007,1.991780166,0.4155913045,0.02948953787,Room Air,0 days 01:12:08.600000,0 days 01:12:10.899000,Room Air,Cal 20 Room Air,1,0,0,NA,NA,RA,NA
M17899,Ply1168,4334.05,4336.799,2.75,3.586943102,0.2937518746,1.053062487,2.002677504,0.4095824977,0.02948465892,Room Air,0 days 01:12:14.050000,0 days 01:12:16.799000,Room Air,Cal 20 Room Air,1,0,0,NA,NA,RA,NA
M17899,Ply1168,4340.55,4346.099,5.55,3.052739239,0.3429398924,0.912281239,1.999131812,0.4413652019,0.02951052909,Room Air,0 days 01:12:20.550000,0 days 01:12:26.099000,Room Air,Cal 20 Room Air,1,0,0,NA,NA,RA,NA
M17899,Ply1168,4362.400000000001,4365.249000000001,2.85,3.874305868,0.2785323799,1.087124991,2.002780372,0.4115703912,0.02948410071,Room Air,0 days 01:12:42.400000,0 days 01:12:45.249000,Room Air,Cal 20 Room Air,1,0,0,NA,NA,RA,NA
M17901,Ply1153,3958.7500000000005,3967.699,8.95,3.398420819,0.298799728,0.899493534,2.009569397,0.3913022346,0.0304428776,Room Air,0 days 01:05:58.750000,0 days 01:06:07.699000,Room Air,Cal 20 Room Air,1,0,0,NA,NA,RA,NA
M17901,Ply1153,3926.05,3933.099,7.05,3.293392885,0.3135592221,0.9319494111,2.005011701,0.4169288568,0.03042380367,Room Air,0 days 01:05:26.050000,0 days 01:05:33.099000,Room Air,Cal 20 Room Air,1,0,0,NA,NA,RA,NA
M17901,Ply1153,3988.7000000000003,3995.199,6.5,3.250276779,0.3250941101,0.8844243319,2.016339673,0.3526370674,0.0304631736,Room Air,0 days 01:06:28.700000,0 days 01:06:35.199000,Room Air,Cal 20 Room Air,1,0,0,NA,NA,RA,NA
M17901,Ply1153,4017.6000000000004,4021.8990000000003,4.3,3.097672959,0.3297956015,0.8782291611,1.995340481,0.4506652617,0.0305242738,Room Air,0 days 01:06:57.600000,0 days 01:07:01.899000,Room Air,Cal 20 Room Air,1,0,0,NA,NA,RA,NA
M17901,Ply1153,4192.5,4196.4490000000005,3.95,3.269907435,0.3187475738,0.9480468631,2.003529826,0.4070389242,0.03051606065,Room Air,0 days 01:09:52.500000,0 days 01:09:56.449000,Room Air,Cal 20 Room Air,1,0,0,NA,NA,RA,NA
M17901,Ply1153,4167.75,4171.599,3.85,3.409928777,0.3104386248,0.9771306786,2.011247073,0.3932956171,0.03053157521,Room Air,0 days 01:09:27.750000,0 days 01:09:31.599000,Room Air,Cal 20 Room Air,1,0,0,NA,NA,RA,NA
M17901,Ply1153,4180.7,4184.999000000001,4.3,3.708090186,0.2838020548,0.8710416655,2.006565766,0.4182242005,0.03049454995,Room Air,0 days 01:09:40.700000,0 days 01:09:44.999000,Room Air,Cal 20 Room Air,1,0,0,NA,NA,RA,NA
M17901,Ply1153,4162.2,4165.1990000000005,3.0,2.979830708,0.3391640186,0.9445535796,2.018993942,0.365612188,0.03056208387,Room Air,0 days 01:09:22.200000,0 days 01:09:25.199000,Room Air,Cal 20 Room Air,1,0,0,NA,NA,RA,NA
M17901,Ply1153,4024.3500000000004,4027.4990000000003,3.15,3.458346817,0.2960035652,0.8471180532,1.998425097,0.4323018851,0.0304997029,Room Air,0 days 01:07:04.350000,0 days 01:07:07.499000,Room Air,Cal 20 Room Air,1,0,0,NA,NA,RA,NA
M17901,Ply1153,4029.1000000000004,4031.099,2.0,3.072120619,0.3294710159,0.8382499814,2.002298285,0.4237942195,0.03048515679,Room Air,0 days 01:07:09.100000,0 days 01:07:11.099000,Room Air,Cal 20 Room Air,1,0,0,NA,NA,RA,NA
M17901,Ply1153,4000.7500000000005,4003.6490000000003,2.9,3.369887084,0.3075558487,0.8942968696,2.021000349,0.3361609917,0.03048416002,Room Air,0 days 01:06:40.750000,0 days 01:06:43.649000,Room Air,Cal 20 Room Air,1,0,0,NA,NA,RA,NA
M17901,Ply1153,3973.0000000000005,3981.349,8.35,3.453428782,0.3069190349,0.9166346192,2.023354384,0.3306639598,0.03045501548,Room Air,0 days 01:06:13,0 days 01:06:21.349000,Room Air,Cal 20 Room Air,1,0,0,NA,NA,RA,NA
M17904,Ply1166,5102.700000000001,5114.399,11.7,5.443052597,0.1929751902,1.164682203,1.929911646,0.7557693632,0.02986060333,Room Air,0 days 01:25:02.700000,0 days 01:25:14.399000,Room Air,Cal 20 Room Air,1,0,0,NA,NA,RA,NA
M17904,Ply1166,5116.5,5125.549,9.05,4.960247347,0.274177608,1.326481846,1.924091336,0.8725571823,0.02986177457,Room Air,0 days 01:25:16.500000,0 days 01:25:25.549000,Room Air,Cal 20 Room Air,1,0,0,NA,NA,RA,NA
M17904,Ply1166,5171.150000000001,5177.749000000001,6.6,4.102064527,0.2450665935,0.8955288506,2.013895452,0.4537126897,0.02987168531,Room Air,0 days 01:26:11.150000,0 days 01:26:17.749000,Room Air,Cal 20 Room Air,1,0,0,NA,NA,RA,NA
M17904,Ply1166,5186.35,5194.9490000000005,8.6,3.579781303,0.2829546905,0.8047999883,2.001232596,0.5255225627,0.02988215814,Room Air,0 days 01:26:26.350000,0 days 01:26:34.949000,Room Air,Cal 20 Room Air,1,0,0,NA,NA,RA,NA
M17904,Ply1166,5223.400000000001,5228.099,4.7,3.526173141,0.3004047159,0.7691319452,1.982561501,0.5462012555,0.02983789863,Room Air,0 days 01:27:03.400000,0 days 01:27:08.099000,Room Air,Cal 20 Room Air,1,0,0,NA,NA,RA,NA
M17904,Ply1166,5256.25,5261.9490000000005,5.7,3.443040426,0.291069464,0.8050961632,1.993066718,0.5323891429,0.02981622777,Room Air,0 days 01:27:36.250000,0 days 01:27:41.949000,Room Air,Cal 20 Room Air,1,0,0,NA,NA,RA,NA
M17904,Ply1166,5269.650000000001,5276.6990000000005,7.05,3.928013105,0.2562211356,0.7862259539,1.996822783,0.5152296072,0.02976954756,Room Air,0 days 01:27:49.650000,0 days 01:27:56.699000,Room Air,Cal 20 Room Air,1,0,0,NA,NA,RA,NA
M17904,Ply1166,5285.950000000001,5290.599,4.65,3.594944318,0.2877210453,0.8373176952,2.008928223,0.4428389773,0.02973151851,Room Air,0 days 01:28:05.950000,0 days 01:28:10.599000,Room Air,Cal 20 Room Air,1,0,0,NA,NA,RA,NA
M17904,Ply1166,5353.0,5359.049,6.05,3.971436262,0.2534949941,0.8273912979,2.004498446,0.4556401836,0.02978465878,Room Air,0 days 01:29:13,0 days 01:29:19.049000,Room Air,Cal 20 Room Air,1,0,0,NA,NA,RA,NA
M17904,Ply1166,5511.75,5518.299,6.55,4.30214872,0.2374537184,0.8730859384,1.962870083,0.6892945135,0.02980271915,Room Air,0 days 01:31:51.750000,0 days 01:31:58.299000,Room Air,Cal 20 Room Air,1,0,0,NA,NA,RA,NA
M17904,Ply1166,5544.75,5554.549,9.8,3.815950917,0.2647318741,0.8263541675,2.000806502,0.4885272332,0.02963737217,Room Air,0 days 01:32:24.750000,0 days 01:32:34.549000,Room Air,Cal 20 Room Air,1,0,0,NA,NA,RA,NA
M17904,Ply1166,5602.75,5606.499000000001,3.75,4.647289217,0.2157290215,0.9322070368,2.028131851,0.3477915837,0.02952091646,Room Air,0 days 01:33:22.750000,0 days 01:33:26.499000,Room Air,Cal 20 Room Air,1,0,0,NA,NA,RA,NA
M17904,Ply1166,5721.200000000001,5734.649,13.45,3.890686496,0.2625113258,0.9148650481,2.01369463,0.4448633825,0.02988180733,Room Air,0 days 01:35:21.200000,0 days 01:35:34.649000,Room Air,Cal 20 Room Air,1,0,0,NA,NA,RA,NA
M17904,Ply1166,5788.450000000001,5794.149,5.7,3.782763213,0.2674934082,0.8418749869,1.990478946,0.5090848142,0.02976546021,Room Air,0 days 01:36:28.450000,0 days 01:36:34.149000,Room Air,Cal 20 Room Air,1,0,0,NA,NA,RA,NA
M17904,Ply1166,5798.650000000001,5804.099,5.45,3.925970864,0.260383489,0.8817968637,2.001269206,0.5195917421,0.02976152491,Room Air,0 days 01:36:38.650000,0 days 01:36:44.099000,Room Air,Cal 20 Room Air,1,0,0,NA,NA,RA,NA
M17904,Ply1166,5821.3,5829.399,8.1,4.043982469,0.251259888,0.9643028814,1.993783602,0.5838557893,0.02975698271,Room Air,0 days 01:37:01.300000,0 days 01:37:09.399000,Room Air,Cal 20 Room Air,1,0,0,NA,NA,RA,NA
M17860,Ply1189,5676.05,5680.599,4.55,5.494756798,0.1827913281,1.455156237,1.978108379,2.938143611,0.02952142837,5% CO2,0 days 01:34:36.050000,0 days 01:34:40.599000,5% CO2,Cal 20 5% CO2,1,0,0,NA,NA,CO2,NA
M17860,Ply1189,5690.200000000001,5694.049,3.85,5.081743479,0.1970565151,1.387324207,1.976149681,2.958062663,0.029577516,5% CO2,0 days 01:34:50.200000,0 days 01:34:54.049000,5% CO2,Cal 20 5% CO2,1,0,0,NA,NA,CO2,NA
M17860,Ply1189,5696.200000000001,5698.999000000001,2.8,5.462667976,0.1864291834,1.492611604,1.977966181,2.957654801,0.02955435245,5% CO2,0 days 01:34:56.200000,0 days 01:34:58.999000,5% CO2,Cal 20 5% CO2,1,0,0,NA,NA,CO2,NA
M17860,Ply1189,5702.5,5704.399,1.9,4.829119146,0.2071350478,1.322031245,1.983326152,2.931550164,0.0295480261,5% CO2,0 days 01:35:02.500000,0 days 01:35:04.399000,5% CO2,Cal 20 5% CO2,1,0,0,NA,NA,CO2,NA
M17860,Ply1189,5726.85,5736.6990000000005,9.85,5.485877303,0.1887307371,1.526628607,1.991847939,2.914761581,0.02954885765,5% CO2,0 days 01:35:26.850000,0 days 01:35:36.699000,5% CO2,Cal 20 5% CO2,1,0,0,NA,NA,CO2,NA
M17860,Ply1189,5744.1,5754.249000000001,10.15,5.559538576,0.1842492562,1.49061922,1.990141066,2.919594521,0.02955557244,5% CO2,0 days 01:35:44.100000,0 days 01:35:54.249000,5% CO2,Cal 20 5% CO2,1,0,0,NA,NA,CO2,NA
M17860,Ply1189,5767.75,5776.1990000000005,8.45,4.898244596,0.2044955242,1.401460925,1.991174297,2.912149075,0.02951878678,5% CO2,0 days 01:36:07.750000,0 days 01:36:16.199000,5% CO2,Cal 20 5% CO2,1,0,0,NA,NA,CO2,NA
M17860,Ply1189,5902.55,5937.749000000001,35.2,5.104572052,0.197513889,1.441781425,1.963053817,3.018682964,0.02909773634,5% CO2,0 days 01:38:22.550000,0 days 01:38:57.749000,5% CO2,Cal 20 5% CO2,1,0,0,NA,NA,CO2,NA
M17861,Ply1191,11472.800000000001,11477.849,5.05,5.339448507,0.1902494465,1.543557685,1.977961759,2.936836944,0.02908824277,5% CO2,0 days 03:11:12.800000,0 days 03:11:17.849000,5% CO2,Cal 20 5% CO2,1,0,0,NA,NA,CO2,NA
M17861,Ply1191,11462.0,11467.849,5.85,5.370060253,0.1874417439,1.567208322,1.981695082,2.916861271,0.0291285258,5% CO2,0 days 03:11:02,0 days 03:11:07.849000,5% CO2,Cal 20 5% CO2,1,0,0,NA,NA,CO2,NA
M17861,Ply1191,11506.050000000001,11512.049,6.0,5.956813646,0.1753011472,1.792272723,1.997412496,2.856881979,0.02911437517,5% CO2,0 days 03:11:46.050000,0 days 03:11:52.049000,5% CO2,Cal 20 5% CO2,1,0,0,NA,NA,CO2,NA
M17861,Ply1191,11532.95,11539.349,6.4,5.449460189,0.1846416146,1.595075755,1.974883884,2.937240234,0.02919311533,5% CO2,0 days 03:12:12.950000,0 days 03:12:19.349000,5% CO2,Cal 20 5% CO2,1,0,0,NA,NA,CO2,NA
M17861,Ply1191,11544.6,11548.049,3.45,5.256482124,0.1913850877,1.555091921,1.95288297,3.04070833,0.02923405803,5% CO2,0 days 03:12:24.600000,0 days 03:12:28.049000,5% CO2,Cal 20 5% CO2,1,0,0,NA,NA,CO2,NA
M17861,Ply1191,11562.400000000001,11570.149000000001,7.75,5.516414968,0.1839059092,1.530396339,1.972566249,2.960599922,0.0292096775,5% CO2,0 days 03:12:42.400000,0 days 03:12:50.149000,5% CO2,Cal 20 5% CO2,1,0,0,NA,NA,CO2,NA
M17861,Ply1191,11579.2,11580.249000000002,1.05,4.626565158,0.2371160313,1.393437505,1.952497916,3.048783039,0.02920000009,5% CO2,0 days 03:12:59.200000,0 days 03:13:00.249000,5% CO2,Cal 20 5% CO2,1,0,0,NA,NA,CO2,NA
M17861,Ply1191,11582.5,11583.749000000002,1.25,5.103888512,0.1959774569,1.305078119,1.981805253,2.888483498,0.02915600013,5% CO2,0 days 03:13:02.500000,0 days 03:13:03.749000,5% CO2,Cal 20 5% CO2,1,0,0,NA,NA,CO2,NA
M17861,Ply1191,11592.35,11600.649000000001,8.3,5.074883659,0.1972057765,1.391135669,1.999849895,2.866093674,0.02923629524,5% CO2,0 days 03:13:12.350000,0 days 03:13:20.649000,5% CO2,Cal 20 5% CO2,1,0,0,NA,NA,CO2,NA
M17861,Ply1191,11602.6,11611.049,8.45,5.433241595,0.185591781,1.499552561,2.003897777,2.849112388,0.02928435652,5% CO2,0 days 03:13:22.600000,0 days 03:13:31.049000,5% CO2,Cal 20 5% CO2,1,0,0,NA,NA,CO2,NA
M17861,Ply1191,11613.75,11629.249000000002,15.5,5.401398548,0.1863268485,1.5755221,1.976906631,2.968674658,0.02923689522,5% CO2,0 days 03:13:33.750000,0 days 03:13:49.249000,5% CO2,Cal 20 5% CO2,1,0,0,NA,NA,CO2,NA
M17861,Ply1191,11639.25,11650.649000000001,11.4,5.344241652,0.1897491009,1.622990304,1.973419244,2.934813624,0.0291581964,5% CO2,0 days 03:13:59.250000,0 days 03:14:10.649000,5% CO2,Cal 20 5% CO2,1,0,0,NA,NA,CO2,NA
M17861,Ply1191,11661.7,11681.649000000001,19.95,5.2817541,0.1905326817,1.605998185,1.980257974,2.887144877,0.02914661668,5% CO2,0 days 03:14:21.700000,0 days 03:14:41.649000,5% CO2,Cal 20 5% CO2,1,0,0,NA,NA,CO2,NA
M17864,Ply1179,5529.0,5538.6990000000005,9.7,4.775304667,0.2099886288,1.382104166,2.025574176,2.802810468,0.02993295723,5% CO2,0 days 01:32:09,0 days 01:32:18.699000,5% CO2,Cal 20 5% CO2,1,0,0,NA,NA,CO2,NA
M17864,Ply1179,5562.900000000001,5576.6990000000005,13.8,5.020757249,0.2043100349,1.454450755,2.00028777,2.89389157,0.02992821533,5% CO2,0 days 01:32:42.900000,0 days 01:32:56.699000,5% CO2,Cal 20 5% CO2,1,0,0,NA,NA,CO2,NA
M17864,Ply1179,5599.05,5634.549,35.5,4.606752937,0.2181262968,1.479924769,2.022311392,2.828193491,0.02991980609,5% CO2,0 days 01:33:19.050000,0 days 01:33:54.549000,5% CO2,Cal 20 5% CO2,1,0,0,NA,NA,CO2,NA
M17864,Ply1179,5666.1,5675.249000000001,9.15,4.806396623,0.208854247,1.555843029,2.016387013,2.853050993,0.0299099724,5% CO2,0 days 01:34:26.100000,0 days 01:34:35.249000,5% CO2,Cal 20 5% CO2,1,0,0,NA,NA,CO2,NA
M17864,Ply1179,5697.25,5725.6990000000005,28.45,4.504831622,0.2225494584,1.40758612,2.017656187,2.863195414,0.02991959552,5% CO2,0 days 01:34:57.250000,0 days 01:35:25.699000,5% CO2,Cal 20 5% CO2,1,0,0,NA,NA,CO2,NA
M17865,Ply1180,7129.6,7136.649,7.05,5.031641736,0.1992367839,1.457812495,1.979186079,2.997733241,0.02992504407,5% CO2,0 days 01:58:49.600000,0 days 01:58:56.649000,5% CO2,Cal 20 5% CO2,1,0,0,NA,NA,CO2,NA
M17865,Ply1180,7154.6,7170.099,15.5,5.023757477,0.1992073936,1.485542759,1.988758205,2.954768587,0.02993114894,5% CO2,0 days 01:59:14.600000,0 days 01:59:30.099000,5% CO2,Cal 20 5% CO2,1,0,0,NA,NA,CO2,NA
M17865,Ply1180,7208.0,7228.499000000001,20.5,4.958624988,0.2041806218,1.457530245,1.981875103,2.930864009,0.02991443571,5% CO2,0 days 02:00:08,0 days 02:00:28.499000,5% CO2,Cal 20 5% CO2,1,0,0,NA,NA,CO2,NA
M17865,Ply1180,7235.75,7252.499000000001,16.75,4.987479492,0.2019295554,1.456373462,1.953744423,3.055435507,0.02993888036,5% CO2,0 days 02:00:35.750000,0 days 02:00:52.499000,5% CO2,Cal 20 5% CO2,1,0,0,NA,NA,CO2,NA
M17865,Ply1180,7258.25,7277.549000000001,19.3,5.152336996,0.1942423749,1.406087378,1.968783372,3.008315073,0.02992755804,5% CO2,0 days 02:00:58.250000,0 days 02:01:17.549000,5% CO2,Cal 20 5% CO2,1,0,0,NA,NA,CO2,NA
M17865,Ply1180,7295.35,7303.399,8.05,5.162588445,0.1938241062,1.427286578,1.976090683,2.945697707,0.02991385844,5% CO2,0 days 02:01:35.350000,0 days 02:01:43.399000,5% CO2,Cal 20 5% CO2,1,0,0,NA,NA,CO2,NA
M17866,Ply1170,6944.650000000001,6982.6990000000005,38.05,4.527811245,0.2220778846,1.999490816,1.969625507,2.950839168,0.02926066856,5% CO2,0 days 01:55:44.650000,0 days 01:56:22.699000,5% CO2,Cal 20 5% CO2,1,0,0,NA,NA,CO2,NA
M17866,Ply1170,6872.5,6934.149,61.65,4.360932295,0.2295212628,1.949434472,1.973059108,2.933828387,0.02927802617,5% CO2,0 days 01:54:32.500000,0 days 01:55:34.149000,5% CO2,Cal 20 5% CO2,1,0,0,NA,NA,CO2,NA
M17874,Ply1178,6645.3,6667.249000000001,21.95,4.141163347,0.2420102259,1.231788194,2.029486481,2.754429398,0.02907854519,5% CO2,0 days 01:50:45.300000,0 days 01:51:07.249000,5% CO2,Cal 20 5% CO2,1,0,0,NA,NA,CO2,NA
M17874,Ply1178,6674.5,6688.1990000000005,13.7,3.967097669,0.2528734665,1.199929249,2.032545709,2.743525295,0.02903170645,5% CO2,0 days 01:51:14.500000,0 days 01:51:28.199000,5% CO2,Cal 20 5% CO2,1,0,0,NA,NA,CO2,NA
M17874,Ply1178,6730.950000000001,6776.499000000001,45.55,3.830734715,0.2628352636,1.217276014,2.037798704,2.715283877,0.02906820137,5% CO2,0 days 01:52:10.950000,0 days 01:52:56.499000,5% CO2,Cal 20 5% CO2,1,0,0,NA,NA,CO2,NA
M17877,Ply1183,5409.8,5412.599,2.8,5.087667208,0.1966601862,1.64737982,1.980480804,2.98091596,0.03124073662,5% CO2,0 days 01:30:09.800000,0 days 01:30:12.599000,5% CO2,Cal 20 5% CO2,1,0,0,NA,NA,CO2,NA
M17877,Ply1183,5479.1,5487.399,8.3,4.863894613,0.2104111322,1.665699011,1.962014348,3.067735053,0.03096600177,5% CO2,0 days 01:31:19.100000,0 days 01:31:27.399000,5% CO2,Cal 20 5% CO2,1,0,0,NA,NA,CO2,NA
M17877,Ply1183,5489.700000000001,5496.099,6.4,5.256988241,0.1937095331,1.703870973,1.96453457,3.067835695,0.03101567405,5% CO2,0 days 01:31:29.700000,0 days 01:31:36.099000,5% CO2,Cal 20 5% CO2,1,0,0,NA,NA,CO2,NA
M17877,Ply1183,5498.85,5504.599,5.75,4.991609202,0.2004652101,1.634953706,1.958901254,3.12028674,0.03098440242,5% CO2,0 days 01:31:38.850000,0 days 01:31:44.599000,5% CO2,Cal 20 5% CO2,1,0,0,NA,NA,CO2,NA
M17877,Ply1183,5519.200000000001,5524.849,5.65,5.369106589,0.1869396454,1.608868529,1.98191178,3.023469579,0.0310346241,5% CO2,0 days 01:31:59.200000,0 days 01:32:04.849000,5% CO2,Cal 20 5% CO2,1,0,0,NA,NA,CO2,NA
M17877,Ply1183,5594.6,5616.1990000000005,21.6,5.051497212,0.1984985654,1.710023148,1.965887514,3.046702025,0.03112275764,5% CO2,0 days 01:33:14.600000,0 days 01:33:36.199000,5% CO2,Cal 20 5% CO2,1,0,0,NA,NA,CO2,NA
M17877,Ply1183,5562.3,5588.1990000000005,25.9,5.519243705,0.1845528285,2.188772491,1.946904718,3.104001086,0.03039417272,5% CO2,0 days 01:32:42.300000,0 days 01:33:08.199000,5% CO2,Cal 20 5% CO2,1,0,0,NA,NA,CO2,NA
M17877,Ply1183,5620.55,5631.799,11.25,5.113804943,0.1958034425,1.625745608,1.974904441,3.056715583,0.03134408324,5% CO2,0 days 01:33:40.550000,0 days 01:33:51.799000,5% CO2,Cal 20 5% CO2,1,0,0,NA,NA,CO2,NA
M17877,Ply1183,5640.200000000001,5658.4490000000005,18.25,5.044798861,0.1982943322,1.562894917,1.976721143,3.074768921,0.03170681463,5% CO2,0 days 01:34:00.200000,0 days 01:34:18.449000,5% CO2,Cal 20 5% CO2,1,0,0,NA,NA,CO2,NA
M17878,Ply1160,5382.900000000001,5399.849,16.95,4.939521956,0.2027141495,1.595685236,1.972791133,2.931531981,0.03005739296,5% CO2,0 days 01:29:42.900000,0 days 01:29:59.849000,5% CO2,Cal 20 5% CO2,1,0,0,NA,NA,CO2,NA
M17878,Ply1160,5408.05,5414.099,6.05,4.773800526,0.2095804401,1.435814726,1.987174484,2.879195454,0.03003336761,5% CO2,0 days 01:30:08.050000,0 days 01:30:14.099000,5% CO2,Cal 20 5% CO2,1,0,0,NA,NA,CO2,NA
M17878,Ply1160,5428.25,5436.799,8.55,4.686402908,0.2135457672,1.547067312,1.968815204,2.94807847,0.03001407147,5% CO2,0 days 01:30:28.250000,0 days 01:30:36.799000,5% CO2,Cal 20 5% CO2,1,0,0,NA,NA,CO2,NA
M17878,Ply1160,5441.6,5453.349,11.75,4.915301566,0.203714845,1.675065796,1.944245799,3.042285479,0.0300076328,5% CO2,0 days 01:30:41.600000,0 days 01:30:53.349000,5% CO2,Cal 20 5% CO2,1,0,0,NA,NA,CO2,NA
M17878,Ply1160,5475.85,5519.049,43.2,5.539207531,0.1866649698,2.020898105,1.924638433,3.097171691,0.02998509094,5% CO2,0 days 01:31:15.850000,0 days 01:31:59.049000,5% CO2,Cal 20 5% CO2,1,0,0,NA,NA,CO2,NA
M17878,Ply1160,5532.05,5540.899,8.85,4.570792258,0.2189473331,1.6636875,1.95639587,3.021506769,0.02995127093,5% CO2,0 days 01:32:12.050000,0 days 01:32:20.899000,5% CO2,Cal 20 5% CO2,1,0,0,NA,NA,CO2,NA
M17884,Ply1172,9743.150000000001,9760.399000000001,17.25,5.15095914,0.1949044805,2.055312508,1.973558276,2.959838425,0.03051260922,5% CO2,0 days 02:42:23.150000,0 days 02:42:40.399000,5% CO2,Cal 20 5% CO2,1,0,0,NA,NA,CO2,NA
M17884,Ply1172,9788.050000000001,9796.949,8.9,5.141815397,0.1949847076,2.120958334,1.96150446,2.98651236,0.03054083621,5% CO2,0 days 02:43:08.050000,0 days 02:43:16.949000,5% CO2,Cal 20 5% CO2,1,0,0,NA,NA,CO2,NA
M17884,Ply1172,9855.7,9869.349,13.65,5.417315516,0.1859698685,2.184531253,1.983727703,2.925544943,0.03059549045,5% CO2,0 days 02:44:15.700000,0 days 02:44:29.349000,5% CO2,Cal 20 5% CO2,1,0,0,NA,NA,CO2,NA
M17884,Ply1172,9931.7,9948.749,17.05,5.282519198,0.2040443396,2.144171676,1.954937868,3.048787701,0.03072969254,5% CO2,0 days 02:45:31.700000,0 days 02:45:48.749000,5% CO2,Cal 20 5% CO2,1,0,0,NA,NA,CO2,NA
M17884,Ply1172,9966.7,9970.949,4.25,5.817955931,0.1719722456,2.629986972,1.959976249,3.036172281,0.03068463284,5% CO2,0 days 02:46:06.700000,0 days 02:46:10.949000,5% CO2,Cal 20 5% CO2,1,0,0,NA,NA,CO2,NA
M17884,Ply1172,10005.400000000001,10014.849,9.45,5.485586071,0.185228238,2.068087494,1.963168024,3.031671792,0.03076746076,5% CO2,0 days 02:46:45.400000,0 days 02:46:54.849000,5% CO2,Cal 20 5% CO2,1,0,0,NA,NA,CO2,NA
M17887,Ply1169,5235.150000000001,5239.349,4.2,4.922924066,0.2032505579,1.379359365,2.019513908,2.765372987,0.03020029776,5% CO2,0 days 01:27:15.150000,0 days 01:27:19.349000,5% CO2,Cal 20 5% CO2,1,0,0,NA,NA,CO2,NA
M17887,Ply1169,5246.400000000001,5249.749000000001,3.35,5.043899804,0.1990953078,1.408164077,2.036474259,2.707545044,0.03019972028,5% CO2,0 days 01:27:26.400000,0 days 01:27:29.749000,5% CO2,Cal 20 5% CO2,1,0,0,NA,NA,CO2,NA
M17887,Ply1169,5252.950000000001,5264.799,11.85,5.201346556,0.194063706,1.514510415,2.03124826,2.729356035,0.03021323857,5% CO2,0 days 01:27:32.950000,0 days 01:27:44.799000,5% CO2,Cal 20 5% CO2,1,0,0,NA,NA,CO2,NA
M17887,Ply1169,5266.1,5277.9490000000005,11.85,5.034287049,0.1999681802,1.527007416,2.030587638,2.738076156,0.03021492632,5% CO2,0 days 01:27:46.100000,0 days 01:27:57.949000,5% CO2,Cal 20 5% CO2,1,0,0,NA,NA,CO2,NA
M17887,Ply1169,5281.1,5297.149,16.05,5.694226624,0.1839042537,1.570595584,2.013371982,2.788020462,0.03021604378,5% CO2,0 days 01:28:01.100000,0 days 01:28:17.149000,5% CO2,Cal 20 5% CO2,1,0,0,NA,NA,CO2,NA
M17887,Ply1169,5418.650000000001,5423.349,4.7,5.140962899,0.1946982536,1.485872408,2.022687765,2.786995885,0.03018198149,5% CO2,0 days 01:30:18.650000,0 days 01:30:23.349000,5% CO2,Cal 20 5% CO2,1,0,0,NA,NA,CO2,NA
M17887,Ply1169,5425.700000000001,5430.149,4.45,5.752420743,0.1786691314,1.395507817,2.012112921,2.80800695,0.03020393273,5% CO2,0 days 01:30:25.700000,0 days 01:30:30.149000,5% CO2,Cal 20 5% CO2,1,0,0,NA,NA,CO2,NA
M17887,Ply1169,5433.55,5442.499000000001,8.95,5.283245026,0.1997727471,1.504215118,2.002496366,2.871386941,0.03021913426,5% CO2,0 days 01:30:33.550000,0 days 01:30:42.499000,5% CO2,Cal 20 5% CO2,1,0,0,NA,NA,CO2,NA
M17887,Ply1169,5458.150000000001,5461.899,3.75,5.369802801,0.1868900374,1.497138149,1.995034754,2.904161337,0.03021225016,5% CO2,0 days 01:30:58.150000,0 days 01:31:01.899000,5% CO2,Cal 20 5% CO2,1,0,0,NA,NA,CO2,NA
M17887,Ply1169,5466.200000000001,5468.349,2.15,5.070224073,0.1974140406,1.370694465,2.005120637,2.867634596,0.03022063971,5% CO2,0 days 01:31:06.200000,0 days 01:31:08.349000,5% CO2,Cal 20 5% CO2,1,0,0,NA,NA,CO2,NA
M17887,Ply1169,5473.950000000001,5498.049,24.1,5.64847742,0.1867443922,1.583174216,2.007206189,2.876808535,0.0301943855,5% CO2,0 days 01:31:13.950000,0 days 01:31:38.049000,5% CO2,Cal 20 5% CO2,1,0,0,NA,NA,CO2,NA
M17887,Ply1169,5501.1,5507.649,6.55,5.85459389,0.176079593,1.241196431,1.998556489,2.897134116,0.03016440849,5% CO2,0 days 01:31:41.100000,0 days 01:31:47.649000,5% CO2,Cal 20 5% CO2,1,0,0,NA,NA,CO2,NA
M17887,Ply1169,5540.400000000001,5556.6990000000005,16.3,5.069186127,0.2014240703,1.418992186,2.037565062,2.782258532,0.03019783372,5% CO2,0 days 01:32:20.400000,0 days 01:32:36.699000,5% CO2,Cal 20 5% CO2,1,0,0,NA,NA,CO2,NA
M17887,Ply1169,5572.3,5581.9490000000005,9.65,5.086406042,0.197531715,1.338587242,2.037856972,2.787267165,0.0301979276,5% CO2,0 days 01:32:52.300000,0 days 01:33:01.949000,5% CO2,Cal 20 5% CO2,1,0,0,NA,NA,CO2,NA
M17888,Ply1158,5118.400000000001,5139.049,20.65,4.783355253,0.2103628146,1.422164937,1.996486638,2.880205826,0.02955562932,5% CO2,0 days 01:25:18.400000,0 days 01:25:39.049000,5% CO2,Cal 20 5% CO2,1,0,0,NA,NA,CO2,NA
M17888,Ply1158,5143.900000000001,5154.099,10.2,4.975251617,0.2024920616,1.426306252,2.019606369,2.792375215,0.02954255493,5% CO2,0 days 01:25:43.900000,0 days 01:25:54.099000,5% CO2,Cal 20 5% CO2,1,0,0,NA,NA,CO2,NA
M17888,Ply1158,5161.8,5177.549,15.75,4.613703677,0.2175530751,1.420770242,2.036463579,2.728087619,0.02960972196,5% CO2,0 days 01:26:01.800000,0 days 01:26:17.549000,5% CO2,Cal 20 5% CO2,1,0,0,NA,NA,CO2,NA
M17888,Ply1158,5181.35,5198.549,17.2,4.570024825,0.2192666691,1.370117692,2.034746082,2.727518261,0.02963088635,5% CO2,0 days 01:26:21.350000,0 days 01:26:38.549000,5% CO2,Cal 20 5% CO2,1,0,0,NA,NA,CO2,NA
M17888,Ply1158,5203.25,5219.549,16.3,4.704698423,0.2129716291,1.498399992,2.01331483,2.814127147,0.02962661016,5% CO2,0 days 01:26:43.250000,0 days 01:26:59.549000,5% CO2,Cal 20 5% CO2,1,0,0,NA,NA,CO2,NA
M17895,Ply1155,5946.900000000001,5958.099,11.2,4.313573056,0.2323481983,1.167998664,2.042399285,2.773127287,0.02997631119,5% CO2,0 days 01:39:06.900000,0 days 01:39:18.099000,5% CO2,Cal 20 5% CO2,1,0,0,NA,NA,CO2,NA
M17895,Ply1155,5960.8,5976.4490000000005,15.65,4.253348541,0.2363779579,1.17592308,2.042974289,2.777573447,0.02997603814,5% CO2,0 days 01:39:20.800000,0 days 01:39:36.449000,5% CO2,Cal 20 5% CO2,1,0,0,NA,NA,CO2,NA
M17895,Ply1155,5978.75,5985.499000000001,6.75,3.960820389,0.2526895016,1.136225004,2.044951196,2.774671156,0.02996319423,5% CO2,0 days 01:39:38.750000,0 days 01:39:45.499000,5% CO2,Cal 20 5% CO2,1,0,0,NA,NA,CO2,NA
M17895,Ply1155,5988.25,5994.299,6.05,3.958494321,0.2528079664,1.194605978,2.038737409,2.793149581,0.02997422502,5% CO2,0 days 01:39:48.250000,0 days 01:39:54.299000,5% CO2,Cal 20 5% CO2,1,0,0,NA,NA,CO2,NA
M17895,Ply1155,6004.200000000001,6017.799,13.6,4.041132009,0.2477002166,1.173535875,2.040036517,2.793969602,0.02996468269,5% CO2,0 days 01:40:04.200000,0 days 01:40:17.799000,5% CO2,Cal 20 5% CO2,1,0,0,NA,NA,CO2,NA
M17895,Ply1155,6021.55,6035.749000000001,14.2,4.095055718,0.244740581,1.148212717,2.046351406,2.773631516,0.02995642583,5% CO2,0 days 01:40:21.550000,0 days 01:40:35.749000,5% CO2,Cal 20 5% CO2,1,0,0,NA,NA,CO2,NA
M17895,Ply1155,6044.650000000001,6054.649,10.0,4.035746415,0.2480047108,1.155280453,2.044408242,2.777274269,0.02997453104,5% CO2,0 days 01:40:44.650000,0 days 01:40:54.649000,5% CO2,Cal 20 5% CO2,1,0,0,NA,NA,CO2,NA
M17898,Ply1171,4229.1,4238.849,9.75,4.817984861,0.2090708163,1.62572691,1.994668622,2.85940564,0.03081580168,5% CO2,0 days 01:10:29.100000,0 days 01:10:38.849000,5% CO2,Cal 20 5% CO2,1,0,0,NA,NA,CO2,NA
M17898,Ply1171,4253.900000000001,4275.599,21.7,4.881621027,0.2104567078,1.525674031,2.004108696,2.823379723,0.03085871292,5% CO2,0 days 01:10:53.900000,0 days 01:11:15.599000,5% CO2,Cal 20 5% CO2,1,0,0,NA,NA,CO2,NA
M17898,Ply1171,4277.900000000001,4288.099,10.2,4.932810545,0.2056920802,1.568443882,1.99893419,2.852680423,0.03081675898,5% CO2,0 days 01:11:17.900000,0 days 01:11:28.099000,5% CO2,Cal 20 5% CO2,1,0,0,NA,NA,CO2,NA
M17898,Ply1171,4290.75,4309.799,19.05,4.937110217,0.2056952328,1.574934746,1.998339849,2.855335089,0.03078313691,5% CO2,0 days 01:11:30.750000,0 days 01:11:49.799000,5% CO2,Cal 20 5% CO2,1,0,0,NA,NA,CO2,NA
M17898,Ply1171,4331.6,4335.549,3.95,5.09798642,0.2051830784,1.585052093,2.028616769,2.732895724,0.03096075977,5% CO2,0 days 01:12:11.600000,0 days 01:12:15.549000,5% CO2,Cal 20 5% CO2,1,0,0,NA,NA,CO2,NA
M17899,Ply1168,5090.55,5093.4490000000005,2.9,5.000223527,0.2000799603,1.543581733,2.002608404,2.87856931,0.02968836175,5% CO2,0 days 01:24:50.550000,0 days 01:24:53.449000,5% CO2,Cal 20 5% CO2,1,0,0,NA,NA,CO2,NA
M17899,Ply1168,5122.55,5125.599,3.05,5.328908507,0.1888665746,1.596083331,2.006842211,2.857932276,0.02969252018,5% CO2,0 days 01:25:22.550000,0 days 01:25:25.599000,5% CO2,Cal 20 5% CO2,1,0,0,NA,NA,CO2,NA
M17899,Ply1168,5134.200000000001,5139.799,5.6,5.968249989,0.1814752437,1.529729164,2.013758262,2.841264397,0.02967762246,5% CO2,0 days 01:25:34.200000,0 days 01:25:39.799000,5% CO2,Cal 20 5% CO2,1,0,0,NA,NA,CO2,NA
M17899,Ply1168,5154.700000000001,5156.149,1.45,5.020874023,0.1992439926,1.589642848,2.013398712,2.847413155,0.02973383587,5% CO2,0 days 01:25:54.700000,0 days 01:25:56.149000,5% CO2,Cal 20 5% CO2,1,0,0,NA,NA,CO2,NA
M17899,Ply1168,5212.25,5215.899,3.65,5.894162705,0.178157355,1.534473695,2.027363532,2.805866597,0.02972782504,5% CO2,0 days 01:26:52.250000,0 days 01:26:55.899000,5% CO2,Cal 20 5% CO2,1,0,0,NA,NA,CO2,NA
M17899,Ply1168,5263.75,5321.549,57.8,4.735821358,0.2164904489,1.384547698,2.032828941,2.776724044,0.0296933442,5% CO2,0 days 01:27:43.750000,0 days 01:28:41.549000,5% CO2,Cal 20 5% CO2,1,0,0,NA,NA,CO2,NA
M17899,Ply1168,5390.1,5405.799,15.7,4.562047347,0.2197248086,1.27084066,2.039049705,2.754767598,0.02965810082,5% CO2,0 days 01:29:50.100000,0 days 01:30:05.799000,5% CO2,Cal 20 5% CO2,1,0,0,NA,NA,CO2,NA
M17899,Ply1168,5448.150000000001,5465.799,17.65,4.706473822,0.2133822556,1.420182935,2.033300748,2.772943999,0.02966154361,5% CO2,0 days 01:30:48.150000,0 days 01:31:05.799000,5% CO2,Cal 20 5% CO2,1,0,0,NA,NA,CO2,NA
M17901,Ply1153,4870.55,4879.499000000001,8.95,4.311634167,0.2323891593,1.207820947,2.041939739,2.736498603,0.03070907869,5% CO2,0 days 01:21:10.550000,0 days 01:21:19.499000,5% CO2,Cal 20 5% CO2,1,0,0,NA,NA,CO2,NA
M17901,Ply1153,4890.6,4908.099,17.5,4.699159509,0.2146166729,1.268625002,2.027021641,2.805238499,0.03063560766,5% CO2,0 days 01:21:30.600000,0 days 01:21:48.099000,5% CO2,Cal 20 5% CO2,1,0,0,NA,NA,CO2,NA
M17901,Ply1153,4913.400000000001,4921.149,7.75,4.602128274,0.2182657127,1.256312493,2.032376306,2.789310038,0.03059717794,5% CO2,0 days 01:21:53.400000,0 days 01:22:01.149000,5% CO2,Cal 20 5% CO2,1,0,0,NA,NA,CO2,NA
M17901,Ply1153,4923.55,4935.799,12.25,4.538019758,0.2283932634,1.320412737,2.034326787,2.783844438,0.03056750053,5% CO2,0 days 01:22:03.550000,0 days 01:22:15.799000,5% CO2,Cal 20 5% CO2,1,0,0,NA,NA,CO2,NA
M17901,Ply1153,4938.950000000001,4949.849,10.9,4.883170458,0.205227951,1.149170678,2.039627374,2.76538469,0.03061748905,5% CO2,0 days 01:22:18.950000,0 days 01:22:29.849000,5% CO2,Cal 20 5% CO2,1,0,0,NA,NA,CO2,NA
M17901,Ply1153,4955.85,4968.399,12.55,4.818551128,0.2093899035,1.355116533,2.032017362,2.795008689,0.03061175351,5% CO2,0 days 01:22:35.850000,0 days 01:22:48.399000,5% CO2,Cal 20 5% CO2,1,0,0,NA,NA,CO2,NA
M17904,Ply1166,7298.5,7309.249000000001,10.75,4.963239541,0.2019091799,1.437403853,2.004238604,2.95157472,0.0296552904,5% CO2,0 days 02:01:38.500000,0 days 02:01:49.249000,5% CO2,Cal 20 5% CO2,1,0,0,NA,NA,CO2,NA
M17904,Ply1166,7316.85,7325.6990000000005,8.85,4.959926889,0.2016744344,1.495282738,1.994664299,2.991391536,0.02969519743,5% CO2,0 days 02:01:56.850000,0 days 02:02:05.699000,5% CO2,Cal 20 5% CO2,1,0,0,NA,NA,CO2,NA
M17904,Ply1166,7338.55,7348.149,9.6,5.771296007,0.1740742905,1.865584484,1.996480141,2.978927574,0.02972880828,5% CO2,0 days 02:02:18.550000,0 days 02:02:28.149000,5% CO2,Cal 20 5% CO2,1,0,0,NA,NA,CO2,NA
M17904,Ply1166,7402.000000000001,7406.649,4.65,4.89652508,0.2044217248,1.412116479,1.983595966,3.034148452,0.02975241903,5% CO2,0 days 02:03:22,0 days 02:03:26.649000,5% CO2,Cal 20 5% CO2,1,0,0,NA,NA,CO2,NA
M17904,Ply1166,7409.750000000001,7421.149,11.4,4.799978922,0.2085699256,1.438767692,1.98277228,3.051483972,0.02975189113,5% CO2,0 days 02:03:29.750000,0 days 02:03:41.149000,5% CO2,Cal 20 5% CO2,1,0,0,NA,NA,CO2,NA
M17904,Ply1166,7443.200000000001,7451.349,8.15,4.921928512,0.2088361241,1.515592114,1.995663266,2.988984966,0.02972269908,5% CO2,0 days 02:04:03.200000,0 days 02:04:11.349000,5% CO2,Cal 20 5% CO2,1,0,0,NA,NA,CO2,NA
M17904,Ply1166,7464.450000000001,7471.299000000001,6.85,4.793550745,0.2086916054,1.460029319,1.998854376,2.991407889,0.02972472597,5% CO2,0 days 02:04:24.450000,0 days 02:04:31.299000,5% CO2,Cal 20 5% CO2,1,0,0,NA,NA,CO2,NA
M17904,Ply1166,7503.650000000001,7511.499000000001,7.85,4.786588669,0.2117352494,1.323133677,2.010943829,2.952452002,0.02972706975,5% CO2,0 days 02:05:03.650000,0 days 02:05:11.499000,5% CO2,Cal 20 5% CO2,1,0,0,NA,NA,CO2,NA
M17904,Ply1166,7529.150000000001,7535.299000000001,6.15,4.947079754,0.2025731598,1.522520832,1.998420475,3.01123563,0.02973455253,5% CO2,0 days 02:05:29.150000,0 days 02:05:35.299000,5% CO2,Cal 20 5% CO2,1,0,0,NA,NA,CO2,NA
M17904,Ply1166,7544.3,7556.399,12.1,4.929244568,0.2029745283,1.441406254,2.004160381,2.980323702,0.02970813502,5% CO2,0 days 02:05:44.300000,0 days 02:05:56.399000,5% CO2,Cal 20 5% CO2,1,0,0,NA,NA,CO2,NA
,,,,,,,,,,,,,,Room Air 2,Cal 20 Room Air,0,0,0,NA,NA,RA,NA
